Kathrine  ,Kathrine  
Nichelle  ,Nichelle  
Marybelle  ,Marybelle  
Todd  ,Todd  
Almeta  ,Almeta  
Jennell  ,Jennell  
Maggie  ,Maggie  
Stacie  ,Stacie  
Ardith  ,Ardith  
Shara  ,Shara  
Stephenie  ,Stephenie  
Queenie  ,Queenie  
Corina  ,Corina  
Mayra  ,Mayra  
Antonetta  ,Antonetta  
Magaret  ,Magaret  
Kourtney  ,Kourtney  
Raquel  ,Raquel  
Tereasa  ,Tereasa  
Jeffie  ,Jeffie  
Kasie  ,Kasie  
Brice  ,Brice  
Herma  ,Herma  
Tarra  ,Tarra  
Meta  ,Meta  
Vella  ,Vella  
Gabriella  ,Gabriella  
Karen  ,Karen  
Zina  ,Zina  
China  ,China  
Pandora  ,Pandora  
Hisako  ,Hisako  
Waltraud  ,Waltraud  
Dave  ,Dave  
Ariel  ,Ariel  
Ying  ,Ying  
Lourdes  ,Lourdes  
Zana  ,Zana  
Macy  ,Macy  
Chelsea  ,Chelsea  
Shizuko  ,Shizuko  
Diamond  ,Diamond  
Jannette  ,Jannette  
Nichol  ,Nichol  
Nohemi  ,Nohemi  
Apolonia  ,Apolonia  
Merlin  ,Merlin  
Elba  ,Elba  
Thi  ,Thi  
Theressa  ,Theressa  
Alica  ,Alica  
Markita  ,Markita  
Melinda  ,Melinda  
Sherrell  ,Sherrell  
Gracia  ,Gracia  
Bob  ,Bob  
Manuel  ,Manuel  
Nicolasa  ,Nicolasa  
Adriane  ,Adriane  
Aliza  ,Aliza  
Nubia  ,Nubia  
Man  ,Man  
Shonda  ,Shonda  
Tamesha  ,Tamesha  
Stasia  ,Stasia  
Paul  ,Paul  
Latonya  ,Latonya  
Reina  ,Reina  
Noble  ,Noble  
Maren  ,Maren  
Margarete  ,Margarete  
Tora  ,Tora  
Lula  ,Lula  
Thomasine  ,Thomasine  
Keturah  ,Keturah  
Nicholle  ,Nicholle  
Carmen  ,Carmen  
Cherry  ,Cherry  
Bridget  ,Bridget  
Cari  ,Cari  
Bulah  ,Bulah  
Shawanda  ,Shawanda  
Rosenda  ,Rosenda  
Takako  ,Takako  
Bethel  ,Bethel  
Merrilee  ,Merrilee  
Genevie  ,Genevie  
Sabra  ,Sabra  
Celsa  ,Celsa  
Juliann  ,Juliann  
Oretha  ,Oretha  
Janiece  ,Janiece  
Arnold  ,Arnold  
Belle  ,Belle  
Deandrea  ,Deandrea  
Louise  ,Louise  
Pansy  ,Pansy  
Demetria  ,Demetria  
January  ,January  
Manie  ,Manie  
Beverly  ,Beverly  
Ann  ,Ann  
Karissa  ,Karissa  
Daron  ,Daron  
Ngan  ,Ngan  
Caprice  ,Caprice  
Dylan  ,Dylan  
Kortney  ,Kortney  
Sulema  ,Sulema  
Honey  ,Honey  
Wendie  ,Wendie  
Gregoria  ,Gregoria  
Fermina  ,Fermina  
Luna  ,Luna  
Pasty  ,Pasty  
Noah  ,Noah  
Stacia  ,Stacia  
Emmie  ,Emmie  
Ludivina  ,Ludivina  
Kory  ,Kory  
Larisa  ,Larisa  
Alesia  ,Alesia  
Agripina  ,Agripina  
Millard  ,Millard  
Jere  ,Jere  
Christi  ,Christi  
Cedrick  ,Cedrick  
Marchelle  ,Marchelle  
Librada  ,Librada  
Mona  ,Mona  
Stefan  ,Stefan  
Corinna  ,Corinna  
Rogelio  ,Rogelio  
Gayle  ,Gayle  
Kristian  ,Kristian  
Mathilde  ,Mathilde  
Fran  ,Fran  
Suzanna  ,Suzanna  
Oneida  ,Oneida  
Tami  ,Tami  
Elanor  ,Elanor  
Bo  ,Bo  
Maisha  ,Maisha  
Leandra  ,Leandra  
Hiroko  ,Hiroko  
Jacque  ,Jacque  
Darla  ,Darla  
Gwyneth  ,Gwyneth  
Karleen  ,Karleen  
Izetta  ,Izetta  
Raul  ,Raul  
Orville  ,Orville  
Valentin  ,Valentin  
Clay  ,Clay  
Hoyt  ,Hoyt  
Frank  ,Frank  
Bernardo  ,Bernardo  
Gus  ,Gus  
Curt  ,Curt  
Lacy  ,Lacy  
Kieth  ,Kieth  
Kristopher  ,Kristopher  
Shane  ,Shane  
Marvin  ,Marvin  
Pedro  ,Pedro  
Orlando  ,Orlando  
Terrence  ,Terrence  
Demarcus  ,Demarcus  
Daron  ,Daron  
Coy  ,Coy  
Leif  ,Leif  
Julian  ,Julian  
Sydney  ,Sydney  
Josue  ,Josue  
Alex  ,Alex  
Milan  ,Milan  
Gino  ,Gino  
Stephan  ,Stephan  
Jay  ,Jay  
Lonnie  ,Lonnie  
Agustin  ,Agustin  
Neil  ,Neil  
Fred  ,Fred  
Rocky  ,Rocky  
Felix  ,Felix  
Josef  ,Josef  
Frances  ,Frances  
Aurelio  ,Aurelio  
Jonas  ,Jonas  
Malik  ,Malik  
Francisco  ,Francisco  
Warren  ,Warren  
Hong  ,Hong  
Donn  ,Donn  
Thad  ,Thad  
Renaldo  ,Renaldo  
Cole  ,Cole  
Max  ,Max  
Lenny  ,Lenny  
Sol  ,Sol  